,root:Pupils,root:kindergarten,root:mid_age,root:mid_school,root:youth
DYEY1,0.22455916,0.34279925,0.18689403,0.15076266,0.09498495
DYEY10,0.14342983,0.39997008,0.1701738,0.18328749,0.10313887
DYEY2,0.23285797,0.3263986,0.19784631,0.14525014,0.09764694
DYEY3,0.23027945,0.33149207,0.19441926,0.14697255,0.09683662
DYEY4,0.40051007,0.1436523,0.17306606,0.05916081,0.22361074
DYEY5,0.12646957,0.1832412,0.39570636,0.112422146,0.18216081
DYEY6,0.11662187,0.46313977,0.085140124,0.05637198,0.27872625
DYEY7,0.14034376,0.44628698,0.1348317,0.19209582,0.086441785
DYEY8,0.4005248,0.14504413,0.17268883,0.05774635,0.22399591
DYEY9,0.125975,0.18494745,0.39370936,0.1133214,0.18204679
TET1,0.3458201,0.1700236,0.16305597,0.06139921,0.2597011
TET10,0.14134149,0.33134788,0.23100589,0.16664843,0.12965629
TET100,0.3453113,0.17028517,0.16295208,0.061426383,0.260025
TET103,0.1252155,0.52097344,0.08978319,0.1999131,0.064114764
TET104,0.14039022,0.41855383,0.15616772,0.18774818,0.097140014
TET105,0.47426292,0.114967845,0.179921,0.051023018,0.17982525
TET106,0.21916841,0.205624,0.3789585,0.07232041,0.12392861
TET107,0.1272983,0.13349721,0.4623899,0.08716209,0.18965246
TET108,0.14127246,0.29319122,0.42995435,0.04363743,0.09194456
TET109,0.41740996,0.13766024,0.17443492,0.056243546,0.21425131
TET110,0.12542984,0.1625201,0.42282468,0.10246012,0.18676524
TET112,0.38625824,0.14445348,0.17296529,0.07066872,0.22565429
TET113,0.14336765,0.35375753,0.20985077,0.17242397,0.12060002
TET114,0.2066384,0.37634343,0.16576654,0.16177003,0.08948161
TET115,0.13836853,0.45925286,0.12588368,0.1943705,0.08212444
TET117,0.16360754,0.45801666,0.11855765,0.18564582,0.07417237
TET118,0.13997088,0.4407412,0.1391142,0.1914605,0.08871317
TET119,0.11514645,0.46514562,0.08253764,0.057440665,0.2797297
TET120,0.11697146,0.5432744,0.07650413,0.20636605,0.056884017
TET121,0.36321953,0.16190252,0.166423,0.060415428,0.24803959
TET14,0.46692663,0.116973385,0.18077792,0.052803874,0.1825182
TET15,0.34679493,0.16957955,0.1632483,0.06133325,0.259044
TET16,0.14401267,0.3818573,0.18511666,0.17920521,0.10980804
TET18,0.15288314,0.39065874,0.17592978,0.17637824,0.1041501
TET19,0.39513758,0.147882,0.17145228,0.057728745,0.22779931
TET2,0.3468251,0.16933298,0.16333838,0.06169081,0.25881273
TET20,0.14040811,0.12109649,0.43783638,0.097376645,0.20328236
TET24,0.1422441,0.33828786,0.22427455,0.16843873,0.12675472
TET26,0.13804469,0.46510002,0.12839486,0.18279706,0.08566337
TET28,0.21188349,0.36732766,0.17115062,0.15877394,0.09086428
TET29,0.14210057,0.32535186,0.23638588,0.16465488,0.1315067
TET31,0.12943505,0.5005046,0.10003938,0.20069511,0.06932591
TET33,0.14365298,0.37012935,0.19531287,0.17653285,0.11437188
TET34,0.22795342,0.3165996,0.20925008,0.14372377,0.102473065
TET35,0.13033932,0.503007,0.098000385,0.20067629,0.067976914
TET36,0.16991061,0.43136162,0.13613416,0.1806275,0.08196616
TET37,0.23298489,0.32614705,0.19801971,0.14515993,0.097688414
TET38,0.14325304,0.3719025,0.1939048,0.17707835,0.11386129
TET39,0.34733948,0.16927862,0.16337171,0.061362557,0.25864765
TET4,0.14321433,0.35622838,0.2076927,0.17312087,0.119743675
TET40,0.18299817,0.4160818,0.14305979,0.17466313,0.08319725
TET41,0.13352074,0.48649877,0.1081292,0.19858877,0.07326249
TET42,0.1267863,0.1977202,0.37761033,0.119164705,0.17871842
TET43,0.15158245,0.44725022,0.13052428,0.1884425,0.082200676
TET44,0.49481007,0.10534234,0.17806599,0.04925713,0.17252457
TET45,0.12683003,0.5218134,0.086955756,0.20245105,0.06194987
TET46,0.14075695,0.3054338,0.25597015,0.15869464,0.13914447
TET47,0.1352703,0.2571335,0.30723128,0.14264461,0.15772031
TET48,0.14231545,0.49452105,0.10013013,0.19565696,0.067376405
TET5,0.20691687,0.225693,0.36816305,0.06451144,0.1347156
TET51,0.12158808,0.4528466,0.09781283,0.05713982,0.27061266
TET52,0.115146466,0.46514556,0.08253765,0.057440672,0.27972963
TET53,0.11575323,0.45604587,0.11230477,0.049329102,0.26656708
TET54,0.3595676,0.16341275,0.16580732,0.060919296,0.25029305
TET56,0.38362142,0.15286991,0.16991189,0.058681037,0.2349157
TET57,0.13726598,0.2759139,0.28680852,0.14927378,0.1507378
TET58,0.12557934,0.15250495,0.43615407,0.09738847,0.18837316
TET6,0.116004266,0.46328914,0.08585815,0.05691554,0.2779329
TET60,0.14133032,0.43148535,0.14575803,0.1896249,0.09180132
TET61,0.14371535,0.38565916,0.1819936,0.18015075,0.10848117
TET62,0.1254872,0.16593467,0.41829127,0.1041562,0.18613064
TET63,0.12729827,0.13349816,0.46238822,0.08716274,0.18965262
TET65,0.12203385,0.52879137,0.08390661,0.20447443,0.060793698
TET67,0.22717643,0.3367128,0.19116922,0.148784,0.09615754
TET68,0.3450803,0.17069641,0.16295601,0.06180174,0.25946552
TET7,0.21854176,0.3478963,0.18516956,0.15307365,0.095318735
TET70,0.1258183,0.14866088,0.44145912,0.0953441,0.18871762
TET71,0.1422718,0.33330685,0.22887716,0.16698521,0.12855895
TET72,0.18059553,0.08542199,0.3725072,0.12699874,0.23447643
TET75,0.18404052,0.087122925,0.3805363,0.10924794,0.23905236
TET76,0.15222427,0.10882439,0.42111477,0.10557641,0.21226017
TET77,0.23581706,0.31489122,0.20154108,0.14696883,0.10078174
TET78,0.19450991,0.37338263,0.1742688,0.16241059,0.09542813
TET79,0.13154402,0.4944971,0.10567648,0.19570048,0.07258191
TET8,0.16748518,0.4434807,0.12785886,0.18288626,0.07828897
TET80,0.13876382,0.12160783,0.44360012,0.09558949,0.20043872
TET81,0.12277498,0.4450621,0.11755365,0.05270463,0.26190463
TET82,0.23201472,0.32611743,0.19850466,0.14534435,0.09801885
TET84,0.12524365,0.16842073,0.41507855,0.10543524,0.18582188
TET85,0.14243819,0.37612334,0.19052699,0.1783248,0.11258668
TET86,0.14323255,0.3911315,0.17755574,0.18149528,0.10658495
TET87,0.12574318,0.1497852,0.4399353,0.09593555,0.18860075
TET88,0.23401593,0.32404032,0.19850425,0.14541812,0.09802133
TET89,0.22923297,0.33350694,0.19307788,0.14766386,0.09651838
TET9,0.12534086,0.15795195,0.4289343,0.1001776,0.18759534
TET90,0.24483287,0.30872747,0.20061263,0.14750575,0.098321214
TET92,0.2320526,0.32796717,0.19679216,0.14578626,0.097401865
TET93,0.1272983,0.13349721,0.4623899,0.08716209,0.18965246
TET94,0.1405949,0.32453296,0.2340526,0.16214351,0.13867603
TET95,0.23295859,0.32606098,0.19810875,0.14514716,0.097724505
TET96,0.25143546,0.29865023,0.1964977,0.15271631,0.10070026
TET97,0.12831898,0.43955854,0.08905527,0.059195336,0.2838719
TET98,0.13900244,0.48683035,0.10630027,0.19652158,0.07134538
DXX1,0.23311704,0.32585302,0.19821967,0.14507113,0.0977392
DXX10,0.40189508,0.14289403,0.22810134,0.14311619,0.08399333
DXX11,0.4826424,0.08796946,0.1886022,0.095065914,0.14571996
DXX116,0.5937759,0.057498477,0.19007647,0.04813398,0.11051506
DXX12,0.5231892,0.06615478,0.19075774,0.106994845,0.112903416
DXX13,0.23316418,0.3254065,0.19844276,0.14510961,0.097876966
DXX136,0.22503878,0.3362257,0.19257388,0.14914563,0.097016014
DXX15,0.2042057,0.301217,0.23491523,0.1439456,0.11571645
DXX16,0.14179753,0.4842521,0.107217595,0.19531563,0.07141712
DXX17,0.75017464,0.0148244975,0.16273053,0.043311093,0.028959218
DXX18,0.41079804,0.14073656,0.17415906,0.057047892,0.21725841
DXX19,0.61537445,0.055637542,0.18647149,0.046639185,0.09587728
DXX2,0.23042338,0.33095852,0.19483277,0.14682332,0.09696209
DXX20,0.21817824,0.069590986,0.39083314,0.10913622,0.21226145
DXX21,0.22741057,0.33680028,0.19095308,0.14880137,0.09603472
DXX22,0.15067661,0.12947546,0.34031498,0.11539838,0.26413462
DXX23,0.6390267,0.04806322,0.18402699,0.048523244,0.08035978
DXX24,0.23311989,0.32588062,0.19819689,0.14507355,0.097728945
DXX25,0.77795964,0.012294255,0.15626697,0.03389925,0.019579792
DXX26,0.1423264,0.3645179,0.20064558,0.17550886,0.11700122
DXX5,0.47381574,0.0926495,0.18786226,0.10010882,0.1455637
DXX6,0.2135396,0.36434716,0.17298022,0.157793,0.09134004
DXX7,0.23128027,0.32941717,0.1958332,0.14628582,0.09718357
DXX8,0.26952603,0.1618202,0.40638128,0.06345948,0.09881296
DXX9,0.22802845,0.33587602,0.19149862,0.14846131,0.09613559
TXX1,0.13284315,0.2475441,0.31838423,0.13938631,0.16184227
TXX10,0.34595668,0.16991085,0.16310145,0.061468933,0.25956213
TXX101,0.52255404,0.06653432,0.19075103,0.10668133,0.113479264
TXX102,0.50056386,0.1966711,0.16715522,0.0866494,0.04896042
TXX103,0.5193576,0.06816369,0.1907013,0.10579908,0.115978256
TXX104,0.23298913,0.32612407,0.19803594,0.1451578,0.09769303
TXX105,0.42019296,0.12387019,0.17986454,0.07877923,0.19729307
TXX106,0.5054962,0.07607282,0.19018714,0.10034684,0.12789705
TXX107,0.64364004,0.037922792,0.1867538,0.046409547,0.08527381
TXX108,0.13815336,0.4543539,0.12952587,0.1938769,0.08409002
TXX109,0.36872917,0.15537779,0.1688934,0.06664594,0.24035378
TXX11,0.38902497,0.053765986,0.38459134,0.13392311,0.038694523
TXX111,0.66494924,0.027983623,0.18370552,0.087207265,0.036154266
TXX112,0.13470781,0.27277133,0.29081976,0.14865826,0.1530429
TXX113,0.3495141,0.16824687,0.1638082,0.061259527,0.2571714
TXX114,0.2319325,0.3282414,0.19659837,0.14587565,0.09735205
TXX115,0.19752143,0.25414222,0.2857273,0.12993534,0.13267367
TXX118,0.5204687,0.067584105,0.19072102,0.1061362,0.11508986
TXX119,0.77351993,0.008762137,0.15044367,0.050933946,0.01634031
TXX12,0.23038848,0.3312577,0.19457711,0.14690141,0.09687539
TXX120,0.42031103,0.12406569,0.17981225,0.07831481,0.19749616
TXX121,0.34589285,0.16992946,0.1630928,0.061490584,0.2595943
TXX122,0.14213008,0.40581197,0.16582033,0.18484962,0.10138809
TXX123,0.47572616,0.09181723,0.1879254,0.093147084,0.15138416
TXX124,0.3459278,0.1698936,0.16310704,0.061519634,0.25955194
TXX125,0.38267937,0.1532545,0.16977245,0.058844887,0.23544884
TXX126,0.34854886,0.1681934,0.1638042,0.062122785,0.25733078
TXX127,0.78547144,0.009360532,0.14360541,0.04700135,0.01456127
TXX128,0.13854244,0.29364625,0.26835546,0.15526387,0.14419185
TXX129,0.12751403,0.1350574,0.4600678,0.087965526,0.18939522
TXX13,0.6904754,0.0065152687,0.1859218,0.08767249,0.029414997
TXX130,0.21924601,0.20655401,0.37989864,0.06950911,0.12479228
TXX131,0.12565634,0.18186063,0.3971504,0.112046495,0.18328619
TXX132,0.3544024,0.16444795,0.16532308,0.06342064,0.25240594
TXX133,0.13165113,0.51063985,0.092697755,0.20034401,0.06466727
TXX134,0.23310584,0.3258828,0.19820161,0.1450768,0.09773287
TXX135,0.17364739,0.09155737,0.3799338,0.12222412,0.23263732
TXX137,0.4248846,0.024893494,0.38908532,0.09060514,0.07053136
TXX138,0.78328127,0.009681964,0.14412965,0.04797621,0.014930876
TXX139,0.38613442,0.046795566,0.40316945,0.11852614,0.045374498
TXX14,0.14084715,0.44115707,0.13852918,0.19122317,0.08824343
TXX140,0.2320812,0.3279341,0.19680882,0.14577276,0.097403176
TXX141,0.78754944,0.009307456,0.14204507,0.046836782,0.014261207
TXX142,0.3627197,0.15916435,0.16742125,0.06528232,0.24541235
TXX143,0.37409675,0.15704915,0.16830625,0.059398428,0.24114944
TXX144,0.13394846,0.5015547,0.09793745,0.19918083,0.06737862
TXX145,0.21948643,0.20567262,0.38035205,0.06963601,0.124852896
TXX146,0.35481372,0.16435748,0.16547415,0.06382542,0.2515293
TXX147,0.78657055,0.009278519,0.14305077,0.046698935,0.014401315
TXX148,0.80088615,0.0092153475,0.15732919,0.012822044,0.019747254
TXX149,0.13373756,0.2542819,0.31078458,0.14186415,0.15933175
TXX15,0.36384654,0.15881704,0.16757041,0.064931504,0.24483447
TXX151,0.46327236,0.09882085,0.18651085,0.089795955,0.16160001
TXX152,0.40539956,0.13275348,0.17702377,0.0751949,0.20962831
TXX16,0.46611255,0.08381317,0.25509787,0.08350727,0.11146913
TXX17,0.19906369,0.38552713,0.16128872,0.16533463,0.0887858
TXX18,0.75122774,0.013406535,0.15741912,0.058034837,0.019911714
TXX19,0.23306718,0.32598388,0.19812731,0.14510876,0.097712815
TXX2,0.22596458,0.19990446,0.38444567,0.068683244,0.121002056
TXX20,0.22315644,0.07141591,0.40230978,0.11761221,0.1855057
TXX21,0.52258724,0.066238046,0.19171563,0.10663411,0.11282501
TXX22,0.14130104,0.32146692,0.24032682,0.16366832,0.13323691
TXX23,0.3586227,0.16347449,0.16576964,0.06157945,0.25055373
TXX24,0.652687,0.042517554,0.18360165,0.046546884,0.07464686
TXX25,0.22244178,0.0714717,0.39689285,0.11581492,0.19337875
TXX26,0.47279784,0.093451604,0.18761554,0.09235453,0.15378039
TXX28,0.49716717,0.07992036,0.1897428,0.10038691,0.13278283
TXX29,0.2335737,0.3249676,0.19830303,0.14527555,0.09788014
TXX30,0.1425743,0.4186656,0.1553779,0.18709438,0.09628787
TXX32,0.3610222,0.16225797,0.16626206,0.06160985,0.24884789
TXX33,0.7405168,0.00772918,0.16593453,0.06455173,0.021267783
TXX34,0.62836206,0.013117733,0.25958005,0.041058198,0.057882003
TXX35,0.78393173,0.0096086515,0.14399184,0.047665294,0.0148025425
TXX36,0.5231881,0.06615547,0.1907577,0.10699493,0.11290373
TXX37,0.1391796,0.4542769,0.12927108,0.19350788,0.083764546
TXX38,0.21308008,0.36360177,0.17382494,0.15774372,0.09174946
TXX40,0.18195382,0.4212166,0.13944855,0.17570311,0.081677966
TXX42,0.21956345,0.20617178,0.38004985,0.06962198,0.12459286
TXX43,0.7860912,0.0097021125,0.14291877,0.04664358,0.014644375
TXX44,0.1272983,0.13349721,0.4623899,0.08716209,0.18965246
TXX45,0.5383043,0.0634594,0.19083458,0.09927971,0.10812197
TXX46,0.43409696,0.06223955,0.42836046,0.03575273,0.03955025
TXX47,0.1272983,0.13349721,0.4623899,0.08716209,0.18965246
TXX48,0.12738365,0.13340506,0.46225163,0.087224685,0.18973503
TXX49,0.14113384,0.42855144,0.14808764,0.18922389,0.09300308
TXX5,0.13430533,0.12623614,0.45055017,0.092337005,0.19657138
TXX50,0.45260105,0.103311524,0.24693103,0.124749735,0.07240656
TXX51,0.4678913,0.09622946,0.18706064,0.09098413,0.15783443
TXX52,0.56822073,0.054118074,0.19021516,0.09441016,0.09303588
TXX53,0.1805957,0.08542208,0.37250778,0.12699758,0.2344768
TXX54,0.19392237,0.086655684,0.41629294,0.029406255,0.2737227
TXX55,0.35138798,0.1664322,0.1645239,0.062657006,0.25499886
TXX56,0.13765842,0.18419065,0.39079896,0.11100263,0.17634936
TXX57,0.19340023,0.10228768,0.3890592,0.09547005,0.21978284
TXX58,0.12946568,0.21076351,0.36122262,0.12454446,0.17400372
TXX59,0.3864319,0.15123364,0.17052603,0.05912645,0.23268203
TXX60,0.66540825,0.043060884,0.18030235,0.037919234,0.0733093
TXX61,0.1793736,0.08882706,0.35833436,0.12799494,0.24547003
TXX62,0.52299017,0.06645902,0.19075696,0.10644921,0.11334465
TXX63,0.515717,0.09879369,0.18359908,0.046786305,0.15510394
TXX64,0.1717538,0.37507725,0.18105045,0.17011483,0.102003716
TXX65,0.2322648,0.32753778,0.19708446,0.14564116,0.097471856
TXX66,0.22969227,0.33178547,0.19443326,0.14715101,0.096938066
TXX67,0.7910637,0.009315401,0.14065382,0.045112863,0.013854303
TXX68,0.43432808,0.06287551,0.42640254,0.036280572,0.04011327
TXX69,0.12729694,0.13354592,0.4623084,0.08719267,0.18965605
TXX70,0.40560317,0.13263626,0.17706192,0.07522496,0.20947365
TXX72,0.5339852,0.089414656,0.18540742,0.04908328,0.14210954
TXX73,0.5222278,0.066657044,0.19074681,0.10669499,0.11367336
TXX74,0.41080096,0.13156107,0.17769308,0.0730533,0.20689158
TXX75,0.12617862,0.18295003,0.39616296,0.11233363,0.18237473
TXX76,0.49601245,0.08329096,0.22386557,0.12807848,0.06875255
TXX77,0.23287152,0.32635343,0.19788155,0.14523615,0.097657315
TXX78,0.34935895,0.16768114,0.16401371,0.062289838,0.25665635
TXX79,0.77771986,0.01039259,0.14612563,0.049793813,0.01596805
TXX8,0.2197304,0.20590146,0.38032454,0.06960379,0.12443983
TXX80,0.78558046,0.009432459,0.14320983,0.047194377,0.014582939
TXX81,0.23306419,0.32592815,0.19817963,0.14509532,0.09773271
TXX82,0.3453717,0.17023572,0.16296536,0.061422486,0.26000476
TXX83,0.78506684,0.009120667,0.14538936,0.04544121,0.014981883
TXX84,0.14334385,0.40464357,0.16638224,0.18424658,0.101383746
TXX85,0.23277715,0.32656,0.19773678,0.14530496,0.09762108
TXX86,0.7679294,0.011505041,0.15028769,0.053027995,0.017249944
TXX87,0.13132493,0.2379197,0.3294834,0.13579498,0.16547707
TXX88,0.17499074,0.42946225,0.13571703,0.17885694,0.080973074
TXX89,0.82907826,0.009333853,0.13315901,0.011514849,0.016914004
TXX9,0.15637594,0.45508796,0.12315559,0.18774359,0.07763702
TXX90,0.50645167,0.075010024,0.19027078,0.101893514,0.12637404
TXX91,0.786664,0.009267744,0.1428598,0.04680536,0.014402986
TXX93,0.18122809,0.08518573,0.3730752,0.12674174,0.2337693
TXX94,0.23199126,0.32811943,0.19668205,0.1458348,0.09737247
TXX95,0.78623474,0.009395784,0.14286573,0.047031943,0.0144718
TXX96,0.12729824,0.13349794,0.46238887,0.087162495,0.18965247
TXX97,0.22688676,0.33806732,0.19005601,0.14920156,0.09578832
TXX98,0.7863758,0.009269704,0.14433286,0.045258347,0.0147633515
TXX99,0.34627208,0.16965629,0.16320407,0.06162057,0.25924692
TZX1,0.13586587,0.47417268,0.11597551,0.19676307,0.0772229
TZX10,0.23261264,0.3267482,0.19764358,0.14538063,0.097614944
TZX100,0.13949311,0.44384563,0.1369218,0.1920569,0.08768257
TZX101,0.34867132,0.16867964,0.16362713,0.061246347,0.25777552
TZX102,0.13369288,0.24890736,0.3166286,0.13974993,0.16102132
TZX103,0.13629936,0.4723094,0.117158495,0.196438,0.07779474
TZX104,0.2331052,0.32587618,0.19820802,0.14507535,0.0977353
TZX106,0.1973392,0.062390164,0.118615754,0.21012229,0.41153258
TZX107,0.51592827,0.07317048,0.1904709,0.09729006,0.12314021
TZX108,0.23167408,0.32868844,0.19631214,0.14603381,0.0972915
TZX109,0.23277393,0.3265082,0.19778752,0.14529027,0.09764009
TZX11,0.19895153,0.38618958,0.16078562,0.16548409,0.08858919
TZX111,0.18410964,0.30910134,0.23605008,0.15022244,0.12051644
TZX112,0.24967998,0.2662282,0.1895059,0.12114884,0.17343707
TZX114,0.14028011,0.30572194,0.25584373,0.1589051,0.13924912
TZX115,0.14053307,0.4332504,0.14464846,0.19016242,0.09140569
TZX116,0.1272983,0.13349721,0.4623899,0.08716209,0.18965246
TZX117,0.22963458,0.33281755,0.19351494,0.14742033,0.09661253
TZX118,0.23484527,0.32335562,0.19864507,0.145376,0.097778074
TZX12,0.13934593,0.43662846,0.14243458,0.19106323,0.090527855
TZX120,0.22341362,0.34452158,0.18588595,0.15138961,0.0947892
TZX121,0.32753178,0.20842011,0.22875322,0.14419012,0.09110471
TZX13,0.1384394,0.29055232,0.27149367,0.1542189,0.1452957
TZX14,0.12868866,0.13389543,0.45651633,0.08941168,0.19148792
TZX15,0.12849414,0.20425355,0.36926952,0.12181298,0.17616984
TZX16,0.13581766,0.48563924,0.10805091,0.19765417,0.07283797
TZX17,0.13627942,0.267256,0.2961565,0.146288,0.15402003
TZX18,0.12529494,0.15945381,0.42691898,0.10094814,0.18738417
TZX19,0.5509146,0.05898997,0.21634933,0.1155003,0.058245804
TZX2,0.12560792,0.15329786,0.43517488,0.097759746,0.18815956
TZX20,0.13769351,0.3071859,0.2549669,0.15961583,0.14053789
TZX21,0.13681926,0.48223832,0.1100885,0.19704379,0.07381014
TZX23,0.22431143,0.3242676,0.20383625,0.14637248,0.10121225
TZX23.2,0.12688197,0.19043393,0.38659832,0.11574928,0.18033648
TZX24,0.1287494,0.20064223,0.36325794,0.12322736,0.18412311
TZX25,0.20577322,0.37805387,0.16469733,0.16230312,0.08917239
TZX26,0.22541405,0.33959356,0.18936974,0.14985113,0.09577153
TZX27,0.13677552,0.27583256,0.28705004,0.14935546,0.1509864
TZX28,0.12839614,0.14808978,0.42984635,0.098321445,0.1953463
TZX29,0.17812565,0.112907924,0.18134592,0.14710364,0.3805169
TZX3,0.27700263,0.2471058,0.21956322,0.15076773,0.10556051
TZX30,0.14324735,0.35158092,0.21184377,0.17187299,0.12145503
TZX31,0.14049385,0.30968705,0.2519087,0.16014524,0.13776508
TZX32,0.14040516,0.30824497,0.2533402,0.15969919,0.1383105
TZX33,0.28355837,0.25739995,0.20625328,0.15386052,0.09892788
TZX34,0.14700387,0.19329077,0.35415873,0.11864969,0.186897
TZX35,0.13431618,0.24779756,0.3176427,0.13917546,0.16106816
TZX36,0.14325574,0.3871187,0.18091232,0.18061061,0.108102724
TZX37,0.13439527,0.25831205,0.30624604,0.14329153,0.15775514
TZX38,0.23356573,0.064826295,0.40912986,0.11187068,0.18060741
TZX39,0.73148286,0.010435595,0.1867349,0.050523072,0.020823624
TZX4,0.14354548,0.3734213,0.19249628,0.17736194,0.11317507
TZX40,0.14376573,0.35720962,0.20663811,0.17322785,0.119158655
TZX41,0.23304819,0.3260054,0.19811696,0.14511725,0.097712256
TZX42,0.34840414,0.16828625,0.16376619,0.062090818,0.25745255
TZX43,0.30914825,0.20323153,0.16284283,0.06159765,0.26317975
TZX44,0.7869744,0.009284416,0.14267935,0.0466972,0.014364647
TZX45,0.15993005,0.44583976,0.12875491,0.18555589,0.0799193
TZX46,0.7370312,0.019394053,0.16592647,0.04290249,0.034745708
TZX47,0.15368287,0.4654985,0.11654775,0.18965374,0.07461716
TZX48,0.13562198,0.47457653,0.11576378,0.19688852,0.077149145
TZX49,0.12543748,0.16648811,0.41757885,0.10443934,0.18605627
TZX5,0.14165486,0.37881824,0.18847062,0.17918333,0.111872986
TZX50,0.12637386,0.18300092,0.3960386,0.112324096,0.18226252
TZX51,0.14196175,0.41553468,0.15805668,0.1867311,0.097715646
TZX52,0.14033839,0.4360839,0.142539,0.19065739,0.09038121
TZX53,0.23308823,0.32594487,0.19815323,0.14509511,0.09771859
TZX54,0.21328244,0.36273304,0.17448513,0.15751861,0.09198073
TZX55,0.12924422,0.20964052,0.3626195,0.12408745,0.1744083
TZX56,0.14251079,0.42131525,0.15330744,0.18757436,0.09529218
TZX57,0.12561649,0.17453411,0.4070568,0.10836943,0.18442315
TZX58,0.13040964,0.22391702,0.34561294,0.13009675,0.16996361
TZX59,0.39930198,0.085247815,0.29946226,0.13904925,0.07693865
TZX6,0.18975417,0.4022093,0.15144205,0.17063941,0.08595488
TZX60,0.13403918,0.24684869,0.31876844,0.1388547,0.16148901
TZX61,0.23220322,0.32705003,0.19756098,0.14553347,0.09765225
TZX62,0.34871408,0.16808736,0.16384754,0.062159277,0.25719175
TZX63,0.12656131,0.18409275,0.39460656,0.11281185,0.18192753
TZX64,0.16447654,0.09960367,0.3932679,0.11555335,0.2270985
TZX65,0.17482704,0.2923645,0.25627396,0.14693844,0.1295961
TZX66,0.16821301,0.33928105,0.21409783,0.16225508,0.116153
TZX67,0.2180473,0.34609544,0.18694751,0.15284607,0.096063666
TZX68,0.23135176,0.32899842,0.1961845,0.14616658,0.09729871
TZX69,0.12528473,0.16564858,0.41872925,0.10404683,0.18629059
TZX7,0.12551846,0.17217298,0.410136,0.107231595,0.18494092
TZX70,0.12878868,0.20517302,0.36807746,0.122172676,0.17578821
TZX71,0.14169389,0.38040376,0.18710394,0.17954236,0.11125602
TZX72,0.21153751,0.3574644,0.179843,0.15677226,0.09438288
TZX73,0.14296937,0.41103417,0.16133606,0.18558672,0.099073716
TZX74,0.22287343,0.33965883,0.19048181,0.15038912,0.09659676
TZX75,0.36823514,0.049649343,0.38267213,0.12227926,0.07716415
TZX76,0.12632836,0.18572158,0.39263502,0.11362624,0.18168876
TZX77,0.27433097,0.2659101,0.20440595,0.15451057,0.100842424
TZX78,0.14305742,0.36619532,0.1989378,0.17572635,0.1160831
TZX79,0.1255043,0.15719832,0.42992213,0.09976389,0.18761134
TZX8,0.2325064,0.3270157,0.19744952,0.1454651,0.09756318
TZX80,0.13197286,0.23793063,0.32927173,0.13566594,0.16515878
TZX81,0.14633814,0.16949405,0.323193,0.13288563,0.22808915
TZX82,0.12835123,0.20621356,0.36696932,0.12272315,0.17574273
TZX83,0.14031613,0.31403834,0.24775682,0.16158576,0.13630293
TZX84,0.7767808,0.010058695,0.14861915,0.048587386,0.015953949
TZX85,0.52819246,0.0063377894,0.3996696,0.015889585,0.049910586
TZX86,0.125322,0.16441062,0.420353,0.103423245,0.18649116
TZX87,0.43113047,0.062341534,0.42294872,0.04477748,0.038801845
TZX88,0.3493995,0.16764772,0.16402705,0.0623107,0.25661498
TZX9,0.40973553,0.14146253,0.17376119,0.05660747,0.21843326
TZX90,0.45316637,0.10491158,0.23794632,0.12979552,0.07418018
TZX92,0.40000954,0.13640918,0.17580272,0.07321075,0.21456787
TZX94,0.13897492,0.45273674,0.13046604,0.1933926,0.08442971
TZX95,0.17094819,0.4340954,0.13367186,0.18067384,0.080610804
TZX96,0.6484656,0.008505664,0.2797459,0.031284705,0.031998154
TZX97,0.22935125,0.21715532,0.31915435,0.07339443,0.16094469
TZX98,0.14322115,0.36446184,0.20040447,0.17524438,0.11666813
TZX99,0.5115506,0.07311854,0.19048934,0.1014796,0.12336205
Q108,0.12562776,0.153237,0.4346526,0.097898595,0.18858401
Q120,0.12529454,0.16035153,0.42574817,0.10139323,0.1872125
Q123,0.12573685,0.17115167,0.4113927,0.10669435,0.18502441
Q126,0.1309162,0.22144856,0.3482965,0.12893607,0.1704027
Q32,0.13052134,0.2187275,0.35156894,0.12783663,0.17134549
Q41,0.13854615,0.28683254,0.27521586,0.15289348,0.14651196
Q47,0.12711066,0.13513525,0.46008542,0.08806333,0.18960531
TQ034,0.1257015,0.1698249,0.4131295,0.10604741,0.18529668
TQ052,0.12795848,0.19774084,0.37729958,0.11894486,0.17805621
TQ060,0.13241681,0.23277539,0.3349108,0.13343853,0.16645843
TQ062,0.12678526,0.13824393,0.455649,0.08978886,0.18953298
TQ064,0.12692057,0.13680223,0.45776567,0.088972874,0.18953866
TQ083,0.1269652,0.18955453,0.38766235,0.11532213,0.18049578
TQ084,0.13310002,0.24673809,0.31918585,0.1390089,0.16196713
TQ090,0.13380958,0.24593492,0.31984246,0.13853678,0.16187617
TQ1,0.18059538,0.08542196,0.37250677,0.12699963,0.23447624
TQ10,0.2601061,0.07303135,0.3078271,0.118865326,0.24017026
TQ100,0.12553455,0.15693773,0.43026388,0.099626936,0.1876369
TQ101,0.12688877,0.13709068,0.45736408,0.08913018,0.18952627
TQ102,0.13226926,0.23204298,0.33578312,0.1331626,0.16674207
TQ103,0.16164066,0.11911865,0.25097883,0.1279244,0.34033746
TQ104,0.12717569,0.13455883,0.4608985,0.08774558,0.1896214
TQ105,0.12577328,0.1502577,0.439282,0.09617321,0.18851373
TQ106,0.13743676,0.2731571,0.289613,0.14822431,0.1515689
TQ107,0.12557171,0.15532908,0.4324267,0.09880287,0.18786965
TQ108,0.1253436,0.15929268,0.42715663,0.100849636,0.18735743
TQ109,0.12560253,0.1663897,0.4176566,0.10436384,0.18598734
TQ11,0.16717201,0.10558516,0.33631408,0.12332166,0.26760703
TQ110,0.127544,0.13434942,0.4597693,0.088084534,0.19025268
TQ111,0.12568028,0.15165088,0.43740103,0.09690408,0.18836373
TQ112,0.12587237,0.14867403,0.44143146,0.09534086,0.18868122
TQ113,0.14287601,0.3743969,0.1918716,0.17778729,0.11306819
TQ114,0.12615567,0.14466614,0.44690487,0.0932176,0.18905567
TQ115,0.1304395,0.21762013,0.35288134,0.12737113,0.17168777
TQ116,0.12664007,0.13939862,0.45416042,0.09038535,0.18941557
TQ117,0.12671004,0.18593043,0.392256,0.11365833,0.18144517
TQ118,0.13145122,0.22794683,0.34068188,0.13160458,0.16831547
TQ119,0.15037724,0.12942746,0.20427088,0.1279279,0.38799652
TQ12,0.15376097,0.12773545,0.21608864,0.12956472,0.3728502
TQ121,0.1265414,0.14039153,0.45278668,0.09092237,0.18935797
TQ122,0.12730795,0.19106264,0.38568932,0.115967505,0.17997257
TQ124,0.1254863,0.16227578,0.4231316,0.102328666,0.18677765
TQ125,0.12724862,0.13399054,0.4616662,0.08744316,0.18965153
TQ127,0.12530847,0.1695295,0.41363248,0.10596704,0.18556252
TQ128,0.12659913,0.18639128,0.39171395,0.11389595,0.18139975
TQ129,0.12670656,0.13877793,0.45502016,0.09004829,0.18944702
TQ13,0.34542876,0.17019948,0.1629803,0.061434165,0.2599572
TQ130,0.13403378,0.24550603,0.3202421,0.1383174,0.16190065
TQ131,0.14050746,0.30744293,0.2540885,0.15941292,0.13854817
TQ132,0.12630011,0.14294294,0.4492707,0.09229619,0.18919009
TQ133,0.12548277,0.16207668,0.4233975,0.10222933,0.18681377
TQ135,0.15073566,0.12911336,0.2052989,0.1280198,0.38683236
TQ136,0.12572625,0.17115146,0.4113963,0.10669601,0.18503
TQ137,0.13336407,0.24054655,0.32592595,0.13644956,0.16371386
TQ139,0.38796318,0.14340147,0.17334361,0.07106649,0.22422521
TQ14,0.21835251,0.20788592,0.37912118,0.06915214,0.12548822
TQ140,0.12612395,0.18324001,0.39581433,0.11248152,0.18234016
TQ141,0.115001775,0.44118655,0.15117659,0.041860107,0.25077504
TQ15,0.1272983,0.13349721,0.4623899,0.08716209,0.18965246
TQ16,0.15085776,0.12896527,0.20590104,0.12805957,0.38621637
TQ19,0.1263149,0.14278013,0.44949442,0.09220882,0.18920173
TQ2,0.18079601,0.08549661,0.37299323,0.12591062,0.23480354
TQ20,0.12570865,0.17020084,0.41263768,0.1062314,0.18522142
TQ21,0.12996389,0.21402526,0.35722885,0.12589,0.172892
TQ22,0.13222966,0.23237853,0.33541703,0.13331085,0.16666391
TQ23,0.12552343,0.16476761,0.4198186,0.10356913,0.1863212
TQ24,0.12645079,0.1412608,0.45158795,0.09139257,0.18930796
TQ25,0.13018756,0.21612746,0.35469964,0.1267687,0.17221671
TQ26,0.12655386,0.14022698,0.4530068,0.090836495,0.18937589
TQ27,0.1259802,0.1749068,0.40646452,0.10849007,0.18415837
TQ28,0.12574941,0.17122027,0.41129974,0.10672599,0.18500456
TQ29,0.12925112,0.20838833,0.3641022,0.123527825,0.17473054
TQ3,0.18091385,0.085281186,0.37278196,0.1269124,0.23411068
TQ30,0.12544985,0.16022134,0.42588168,0.101301335,0.18714583
TQ31,0.1258107,0.14943306,0.44040468,0.095742226,0.18860936
TQ33,0.12665734,0.13924773,0.45436916,0.09030323,0.18942253
TQ35,0.12550789,0.16173951,0.42383823,0.102056086,0.18685834
TQ36,0.1261989,0.14391616,0.4479342,0.0928212,0.18912955
TQ38,0.14692545,0.43060467,0.08570237,0.057099108,0.2796684
TQ39,0.12686779,0.13728157,0.4570985,0.08923425,0.18951796
TQ4,0.23050554,0.19568422,0.38719022,0.06803924,0.11858076
TQ42,0.12670709,0.18490946,0.393536,0.113174684,0.18167274
TQ43,0.12630235,0.14286193,0.44938362,0.09225348,0.18919864
TQ44,0.13495423,0.25310272,0.31167305,0.14113967,0.15913029
TQ45,0.12948848,0.21063635,0.36136577,0.12448368,0.17402574
TQ46,0.126435,0.14142382,0.45136327,0.09148042,0.18929751
TQ48,0.1291222,0.20808436,0.36450326,0.12341639,0.1748738
TQ49,0.1255609,0.1628036,0.42240703,0.10258147,0.18664697
TQ5,0.22968267,0.33232123,0.19394323,0.14729258,0.096760295
TQ50,0.1356633,0.25834095,0.305812,0.14302678,0.15715688
TQ51,0.12705944,0.18986166,0.38725248,0.11544947,0.18037695
TQ53,0.12649746,0.14078026,0.45224926,0.091133796,0.1893392
TQ54,0.12594587,0.14732654,0.44327167,0.09463208,0.18882385
TQ55,0.12655865,0.140188,0.4530686,0.09081287,0.18937182
TQ56,0.13537902,0.256775,0.30758125,0.14248198,0.15778269
TQ57,0.12613145,0.144909,0.4465738,0.093347766,0.1890381
TQ58,0.1260715,0.14575753,0.4454104,0.09379851,0.18896207
TQ59,0.13893108,0.2863552,0.2755751,0.1526361,0.1465026
TQ6,0.17300506,0.09604361,0.3652019,0.12160653,0.24414295
TQ61,0.12628493,0.14330763,0.4485916,0.09254101,0.1892748
TQ63,0.12668225,0.18438521,0.3942017,0.11292993,0.1818009
TQ65,0.12579961,0.17387807,0.40784535,0.10801886,0.1844581
TQ66,0.12559822,0.16781583,0.41578642,0.10507186,0.1857277
TQ67,0.12587655,0.17415205,0.40746838,0.10813968,0.18436337
TQ68,0.134649,0.25478935,0.30994943,0.141866,0.15874618
TQ69,0.1340705,0.2455309,0.32020316,0.13831969,0.16187574
TQ7,0.14068377,0.32519597,0.23699485,0.16496874,0.13215664
TQ70,0.13218659,0.23205465,0.33579594,0.13318422,0.16677856
TQ71,0.12572281,0.17082867,0.41181675,0.106537946,0.1850939
TQ72,0.12758681,0.1953327,0.38035253,0.11790254,0.1788255
TQ73,0.12567978,0.16906768,0.4141239,0.10567749,0.18545115
TQ74,0.12687983,0.13716939,0.45725444,0.08917317,0.18952315
TQ75,0.12551871,0.16004574,0.42609474,0.10120206,0.18713878
TQ76,0.12614456,0.1446722,0.44689995,0.09322237,0.18906085
TQ77,0.12595628,0.17486669,0.40652364,0.10847456,0.18417886
TQ78,0.12615849,0.17778866,0.4027167,0.109857775,0.18347844
TQ79,0.1255407,0.15596138,0.4315806,0.09912964,0.18778765
TQ8,0.14325027,0.34804747,0.21503094,0.17091152,0.12275985
TQ80,0.1255213,0.16280325,0.42241997,0.10258759,0.18666796
TQ81,0.12631872,0.18058181,0.39911348,0.11117579,0.18281016
TQ82,0.12553675,0.1557617,0.43185207,0.099028595,0.18782097
TQ85,0.1255526,0.16904134,0.414198,0.105685234,0.18552285
TQ86,0.14150049,0.31464207,0.24678916,0.1614835,0.13558474
TQ87,0.12634984,0.18186967,0.39747366,0.111787654,0.18251912
TQ89,0.12666261,0.1391946,0.45444277,0.09027445,0.18942553
TQ9,0.25237945,0.17741078,0.39207977,0.066245764,0.11188427
TQ90,0.13053706,0.22107533,0.34884563,0.1288497,0.17069224
TQ92,0.13402143,0.24555248,0.320195,0.13833864,0.1618924
TQ93,0.12858827,0.20409064,0.36943564,0.121721774,0.1761636
TQ94,0.1254522,0.15993722,0.4262609,0.10115771,0.18719198
TQ95,0.12544395,0.16239332,0.42298874,0.10239432,0.1867797
TQ96,0.12757674,0.13387775,0.4617375,0.08733258,0.18947542
TQ97,0.1254045,0.16339545,0.42167112,0.102902606,0.18662627
TQ98,0.12554052,0.15512471,0.43271354,0.098703414,0.18791774
TQ99,0.12573345,0.17034963,0.41243634,0.10630056,0.18518004
TZ20,0.12729882,0.13349661,0.46238902,0.08716248,0.18965301
TZ7,0.13970518,0.3080088,0.2537975,0.15979387,0.13869469
TZ95,0.12852697,0.13576686,0.4585595,0.08821921,0.18892744
TZ55,0.12741394,0.13337354,0.46219847,0.08724702,0.18976702
TZ86,0.1272983,0.13349721,0.4623899,0.08716209,0.18965246
TZ114,0.20409304,0.3803076,0.16352294,0.16313313,0.08894319
TZ66,0.12733258,0.13346027,0.4623352,0.08718621,0.18968584
TZ15,0.22747794,0.33685136,0.19087581,0.14879946,0.095995456
TZ109,0.19420154,0.39688036,0.15396108,0.16857864,0.086378306
TZ85,0.12697867,0.13693982,0.45724586,0.089141004,0.18969469
TZ115,0.12729809,0.13349926,0.462387,0.087163225,0.18965243
TZ71,0.13889895,0.29746905,0.26442876,0.15648414,0.14271915
TZ62,0.18362927,0.0900909,0.39526993,0.088951685,0.24205823
TZ64,0.134094,0.25379974,0.3111928,0.14159808,0.15931547
TZ112,0.1272983,0.13349721,0.4623899,0.08716209,0.18965246
TZ63,0.62297237,0.049246192,0.18197446,0.046255767,0.099551216
TZ93,0.17043294,0.2850992,0.32913992,0.05096387,0.16436413
TZ74,0.19492984,0.08156007,0.3925913,0.10941827,0.22150055
TZ65,0.12743796,0.13340096,0.4620644,0.08730213,0.18979451
TZ45,0.21199226,0.21751146,0.373352,0.066641755,0.1305024
TZ11,0.12715466,0.13671911,0.4568963,0.08921245,0.19001748
TZ53,0.23300895,0.32592037,0.19821325,0.14510462,0.09775282
TZ44,0.1349555,0.25371775,0.3110081,0.14138067,0.15893804
TZ34,0.12707624,0.13775861,0.45571116,0.089722924,0.18973108
TZ59,0.12735544,0.13368453,0.46201843,0.08729526,0.18964632
TZ73,0.12726565,0.13506198,0.45973226,0.08818919,0.18975092
TZ94,0.13886184,0.2892416,0.2726778,0.15366352,0.14555524
TZ16,0.1252425,0.16259164,0.42276227,0.10253214,0.1868715
TZ102,0.12717366,0.14041956,0.45117533,0.09125548,0.189976
TZ38,0.1270322,0.13604727,0.45869872,0.088594824,0.18962693
TZ24,0.37021232,0.032728046,0.43680006,0.079346456,0.08091304
TZ58,0.12830679,0.21131594,0.3609236,0.12501158,0.1744421
TZ28,0.29505408,0.21628863,0.15208559,0.06565386,0.2709178
TZ83,0.3457842,0.106824435,0.42804384,0.053213324,0.06613426
TZ33,0.1270003,0.13626538,0.45846358,0.08869351,0.18957722
TZ29,0.13150007,0.49418828,0.103510335,0.19982737,0.07097388
TZ22,0.12720402,0.13661724,0.45793474,0.088836364,0.1894076
TZ107,0.12694782,0.13656448,0.45809194,0.088844486,0.18955126
TZ12,0.1253307,0.16516727,0.41935113,0.10379931,0.1863515
TZ32,0.13046521,0.13500784,0.44578233,0.09186469,0.19687995
TZ78,0.12729833,0.13349716,0.46238983,0.08716212,0.18965253
TZ6,0.20049486,0.38847175,0.15825322,0.16551168,0.08726852
TZ111,0.12545364,0.15539117,0.4323769,0.0988533,0.18792498
TZ47,0.13452424,0.25028548,0.31486467,0.14012045,0.1602052
TZ88,0.12542422,0.15774435,0.429212,0.10005319,0.1875662
TZ30.1,0.12739529,0.1340657,0.4615362,0.0874528,0.18954994
TZ108,0.12736154,0.13363189,0.461888,0.087331705,0.18978702
TZ19,0.12934807,0.13439593,0.456684,0.089030325,0.19054173
TZ40,0.17327502,0.10193988,0.42705604,0.07537867,0.22235039
TZ91,0.126025,0.14612536,0.44491354,0.093996644,0.18893945
TZ52,0.17934735,0.08662375,0.3757224,0.124425806,0.23388065
TZ37,0.14297885,0.3773387,0.18930922,0.17845634,0.11191694
TZ101,0.12586991,0.14810786,0.4422141,0.09504829,0.18875982
TZ57,0.18608269,0.0880926,0.40926898,0.09424064,0.22231497
TZ81,0.35985577,0.16187285,0.1663837,0.06317519,0.24871252
TZ13,0.3833159,0.07553595,0.41372308,0.0748484,0.05257672
TZ89,0.12595016,0.14712471,0.44355008,0.09452674,0.18884836
TZ4,0.12668712,0.14172663,0.44960317,0.09200295,0.1899801
TZ87,0.13272174,0.14149949,0.449103,0.09065885,0.18601695
TZ3,0.12736416,0.19541335,0.38032243,0.117980234,0.17891985
TZ5,0.1267629,0.13867685,0.45493636,0.090054624,0.18956925
TZ8,0.12617573,0.1442153,0.44752762,0.09297961,0.1891018
TZ26,0.12704298,0.13574773,0.45921886,0.08840162,0.18958879
TZ75,0.34536886,0.17023754,0.16296461,0.061421867,0.26000714
TZ80,0.13679221,0.2944012,0.26813623,0.15587685,0.14479345
TZ60,0.18059537,0.08542193,0.37250692,0.12699962,0.2344761
TZ30,0.12664728,0.19565223,0.38020977,0.118228726,0.17926197
TZ56,0.12556227,0.1751023,0.40634227,0.10865538,0.18433772
TZ41,0.14246617,0.38864785,0.17988133,0.18118182,0.10782281
TZ76,0.14281245,0.3711426,0.1947063,0.1770187,0.11431996
TZ9,0.13215902,0.15159364,0.43531662,0.0959303,0.18500042
TZ50,0.21979764,0.20583205,0.3803784,0.0695921,0.124399714
TZ77,0.34557638,0.17010716,0.16302048,0.061472647,0.2598234
TZ68,0.14101839,0.46956927,0.117677785,0.19447035,0.07726415
TZ82,0.5476862,0.06158167,0.21884683,0.11423556,0.05764981
TZ104,0.1272983,0.13349721,0.4623899,0.08716209,0.18965246
TZ110,0.35605597,0.033898674,0.41616434,0.058815002,0.13506599
TZ96,0.2768909,0.10065364,0.40382904,0.11764492,0.10098155
TZ67,0.12715842,0.13723077,0.45706466,0.0891702,0.18937598
TZ92,0.1272983,0.1334973,0.4623898,0.087162144,0.18965246
TZ113,0.12872685,0.1348654,0.4570864,0.089063264,0.1902581
TZ105,0.12647097,0.14104691,0.45188186,0.09127763,0.18932264
TZ69,0.13268441,0.23615071,0.3310368,0.13478522,0.16534284
TZ48,0.1273309,0.13521826,0.45916086,0.08840219,0.1898878
TZ103,0.14619668,0.1557574,0.39955768,0.102559514,0.19592875
TZ61,0.13543274,0.2620497,0.30193084,0.14450209,0.15608464
TL100,0.1303843,0.15823781,0.4267478,0.09959341,0.18503666
TL30,0.13909033,0.28967544,0.27216622,0.15376122,0.14530683
TL107,0.1274399,0.19347733,0.38267285,0.11706912,0.17934084
TL106,0.12778375,0.13530132,0.4596257,0.088059254,0.18922997
TL80,0.12729831,0.1334972,0.46238995,0.08716211,0.18965249
TL76,0.12607644,0.14546804,0.4458119,0.093647055,0.18899652
TL65,0.12825504,0.19987449,0.37461844,0.119867995,0.17738406
TL7,0.14268056,0.34463358,0.21831743,0.17011969,0.12424872
TL96,0.1272983,0.13349721,0.4623899,0.08716209,0.18965246
TL86,0.12806581,0.1988625,0.37590355,0.119439796,0.17772838
TL103,0.12574722,0.15029404,0.43924055,0.096195795,0.18852243
TL95,0.12791727,0.19801491,0.376979,0.11907827,0.17801055
TL111,0.12568799,0.17732884,0.4034493,0.10971513,0.18381867
TL61,0.12569903,0.16975085,0.41322678,0.10601133,0.18531202
TL94,0.1284253,0.21241017,0.35959765,0.12547386,0.174093
TL62,0.14855766,0.11563672,0.41331792,0.10415735,0.21833035
TL63,0.2194387,0.2927851,0.23526886,0.13936724,0.11314008
TL37,0.12723011,0.13411616,0.4615059,0.087506846,0.18964098
TL116,0.12590966,0.17478827,0.40663895,0.10844416,0.18421894
TL31,0.12680028,0.18670636,0.39125824,0.11400965,0.1812255
TL118,0.12626696,0.18386482,0.39498398,0.112754524,0.18212976
TL13,0.12572052,0.17444587,0.40713826,0.10830901,0.18438634
TL121,0.1286392,0.1396765,0.4446622,0.09312459,0.19389746
TL57,0.12531827,0.16020034,0.42594886,0.10131188,0.18722068
TL87,0.12826075,0.21391933,0.3571637,0.12632547,0.17433073
TL64,0.12561917,0.1697592,0.4132408,0.106028505,0.18535231
TL2,0.14482088,0.16631962,0.4110618,0.1014211,0.1763765
TL108,0.12564476,0.15241168,0.436372,0.097300045,0.1882714
TL73,0.1272983,0.13349721,0.4623899,0.08716209,0.18965246
TL55,0.15342297,0.12813362,0.20576037,0.12812124,0.38456172
TL109,0.12670305,0.13880774,0.45497894,0.09006455,0.18944573
TL77,0.15207408,0.12793322,0.21104012,0.1282936,0.38065898
TL38,0.12595542,0.1754413,0.40578538,0.108754225,0.18406375
TL12,0.12564668,0.15123817,0.4379531,0.09670327,0.18845887
TL67,0.12580942,0.1493054,0.44058102,0.095676474,0.18862772
TL10,0.1272983,0.13349721,0.4623899,0.08716209,0.18965246
TL3,0.1272983,0.13349721,0.4623899,0.08716209,0.18965246
TL14,0.20602748,0.2272467,0.36692223,0.06427339,0.13553019
TL97,0.21987404,0.20619142,0.3798574,0.069475636,0.12460147
TL123,0.1380913,0.2846829,0.27754575,0.15224005,0.14744008
TL6,0.34423333,0.19196749,0.22586136,0.14694823,0.09098962
100a,0.14149526,0.3164341,0.24506907,0.16205072,0.13495085
TL120,0.12721428,0.13424245,0.46134275,0.08757119,0.1896294
TL54,0.13750032,0.27493626,0.28774542,0.14886324,0.15095477
TL117,0.12629001,0.14292622,0.44927844,0.09229428,0.18921104
TL44,0.12569143,0.17059566,0.4121294,0.10642851,0.18515502
TL71,0.12725985,0.13403885,0.4616209,0.087456495,0.18962394
TL20,0.12616616,0.14436299,0.44732487,0.093057916,0.18908803
TL1,0.13625644,0.26455402,0.29901335,0.14527375,0.15490247
TL124,0.13081335,0.49785364,0.101261854,0.20027825,0.06979288
TL78,0.12554164,0.15630542,0.43111527,0.09930453,0.18773316
TL105,0.13009486,0.21506421,0.35597107,0.12632102,0.1725488
TL81,0.16111968,0.45947343,0.11836506,0.18660145,0.07444036
TL91,0.13502316,0.12875748,0.4394399,0.09420113,0.20257834
TL66,0.22360103,0.30531552,0.22126323,0.1420959,0.10772441
TL92,0.12955488,0.21296826,0.35859695,0.125503,0.17337689
TL88,0.12846357,0.21526308,0.35489967,0.12703428,0.17433938
TL60,0.14297824,0.347502,0.21561396,0.17083462,0.12307105
TL69,0.1272983,0.13349721,0.4623899,0.08716209,0.18965246
TL93,0.12622938,0.1435763,0.44839138,0.09264169,0.18916123
TL113,0.13273361,0.2375712,0.32943428,0.13536088,0.16490008
TL59,0.12585697,0.17451775,0.4070034,0.10832121,0.18430065
TL115,0.14077596,0.37230495,0.19457279,0.17733723,0.11500914
TL85,0.13760675,0.27535334,0.28727892,0.14899178,0.15076914
TL4,0.12654091,0.14261161,0.4495763,0.092117764,0.18915343
TL39,0.12793128,0.19764689,0.37742227,0.11890666,0.17809284
TL16,0.1809524,0.085574225,0.37359646,0.12465735,0.2352196
TL114,0.13920747,0.15101361,0.4335815,0.09465523,0.1815422
TL129,0.13571355,0.2603146,0.30368793,0.14377593,0.15650798
TL102,0.12538175,0.16302809,0.42216545,0.10272231,0.18670245
TL110,0.14106524,0.31416884,0.24738754,0.16144052,0.1359379
TL84,0.1272984,0.1334971,0.4623898,0.08716217,0.1896526
TL112,0.12626332,0.1432071,0.44890717,0.09244105,0.18918136
TL74,0.13192189,0.22997482,0.338231,0.13236555,0.16750664
TL70,0.13799097,0.278469,0.2839379,0.15003766,0.14956445
TL99,0.13959081,0.29738945,0.26428366,0.15629184,0.14244418
TL82,0.12579225,0.1755985,0.4056341,0.108858034,0.18411714
TL18,0.13000251,0.14346193,0.4472989,0.09204975,0.18718694
TL23,0.1310176,0.22645442,0.3425187,0.1310584,0.16895092
TL83,0.17798351,0.08822551,0.37794408,0.1231287,0.23271817
100b,0.1416612,0.31787166,0.24363758,0.16246045,0.13436915
TL90,0.1367813,0.29565597,0.26627386,0.15600003,0.14528885
TL27,0.12606993,0.14552231,0.44568062,0.09369285,0.18903427
TL5,0.12756968,0.13566504,0.45917565,0.08828142,0.18930818
TL58,0.12613891,0.14477126,0.44676358,0.09327484,0.18905139
TL119,0.18054591,0.085571505,0.37187937,0.12704656,0.23495667
